omega_rad_s,f1,f2
4.451e+16,3.6332,2.7402
4.523e+16,3.6738,2.6898
4.5961e+16,3.7127,2.6362
4.6705e+16,3.7475,2.5836
4.746000000000001e+16,3.7797,2.5321
4.8228e+16,3.8097,2.4815
4.9008e+16,3.8376,2.432
4.980000000000001e+16,3.8637,2.3835
5.0606e+16,3.8881,2.336
5.1424e+16,3.9107,2.2894
5.2256e+16,3.9316,2.2437
5.3101e+16,3.9503,2.199
5.396e+16,3.9671,2.158
5.4833e+16,3.9849,2.1183
5.572e+16,4.0025,2.0793
5.6621e+16,4.0199,2.041
5.7537e+16,4.0371,2.0034
5.8467e+16,4.0543,1.9666
5.9413e+16,4.0736,1.9304
6.0374e+16,4.0945,1.8901
6.135100000000001e+16,4.1101,1.8465
6.2343e+16,4.1223,1.8039
6.3351e+16,4.1321,1.7623
6.4376e+16,4.1399,1.7216
6.5417e+16,4.1456,1.6819
6.6475e+16,4.1493,1.6431
6.755e+16,4.1495,1.6052
6.8643e+16,4.1458,1.5692
6.9753e+16,4.1417,1.5438
7.0881e+16,4.1417,1.5188
7.2028e+16,4.143,1.4942
7.3193e+16,4.1449,1.47
7.4377e+16,4.147,1.4462
7.5579e+16,4.1491,1.4228
7.6802e+16,4.1511,1.3997
7.8044e+16,4.1528,1.3771
7.9306e+16,4.1537,1.3548
8.0589e+16,4.1531,1.3328
8.1893e+16,4.1496,1.3155
8.3217e+16,4.15,1.3017
8.4563e+16,4.1527,1.288
8.5931e+16,4.1568,1.2745
8.732100000000002e+16,4.1621,1.2612
8.8733e+16,4.1685,1.248
9.0168e+16,4.1762,1.2349
9.162699999999998e+16,4.186,1.222
9.3109e+16,4.1995,1.2065
9.461499999999998e+16,4.211,1.185
9.6145e+16,4.2191,1.1638
9.77e+16,4.2258,1.143
9.928000000000002e+16,4.2316,1.1226
1.0088999999999998e+17,4.2367,1.1025
1.0251999999999998e+17,4.2411,1.0828
1.0418e+17,4.245,1.0635
1.0586e+17,4.2485,1.0445
1.0757000000000002e+17,4.2516,1.0258
1.0931e+17,4.2543,1.0075
1.1108e+17,4.2567,0.98947
1.1288e+17,4.2587,0.97179
1.147e+17,4.2605,0.95442
1.1656e+17,4.2619,0.93737
1.1843999999999998e+17,4.2631,0.92062
1.2036e+17,4.2641,0.90417
1.2231e+17,4.2648,0.88801
1.2427999999999998e+17,4.2652,0.87214
1.2628999999999998e+17,4.2655,0.85656
1.2834000000000002e+17,4.2655,0.84125
1.3041e+17,4.2653,0.82622
1.3252e+17,4.2648,0.81145
1.3467e+17,4.2642,0.79695
1.3684e+17,4.2633,0.78271
1.3906e+17,4.2623,0.76872
1.4131e+17,4.261,0.75499
1.4359e+17,4.2595,0.7415
1.4591e+17,4.2579,0.72825
1.4827e+17,4.256,0.71523
1.5067e+17,4.2539,0.70245
1.5311e+17,4.2517,0.6899
1.5559e+17,4.2492,0.67757
1.581e+17,4.2465,0.66546
1.6066e+17,4.2436,0.65357
1.6326e+17,4.2405,0.64189
1.659e+17,4.2372,0.63042
1.6858e+17,4.2337,0.61916
1.7131e+17,4.23,0.60809
1.7408e+17,4.2261,0.59722
1.769e+17,4.2219,0.58655
1.7976e+17,4.2175,0.57607
1.8266e+17,4.2129,0.56578
1.8562e+17,4.2081,0.55567
1.8862e+17,4.203,0.54574
1.9167e+17,4.1977,0.53598
1.9477e+17,4.1922,0.52641
1.9792e+17,4.1867,0.517
2.0112e+17,4.1812,0.50776
2.0438e+17,4.1753,0.49746
2.0768e+17,4.1686,0.48736
2.1103999999999997e+17,4.1612,0.47747
2.1445e+17,4.1533,0.46778
2.1791999999999997e+17,4.1448,0.45828
2.2145e+17,4.1359,0.44898
2.2503000000000003e+17,4.1264,0.43987
2.2867000000000003e+17,4.1164,0.43094
2.3237e+17,4.1058,0.42219
2.3613e+17,4.0946,0.41362
2.3995000000000003e+17,4.0829,0.40523
2.4383e+17,4.0705,0.397
2.4777e+17,4.0575,0.38895
2.5177999999999997e+17,4.0438,0.38105
2.5585e+17,4.0294,0.37332
2.5999e+17,4.0143,0.36574
2.6419e+17,3.9983,0.35832
2.6847e+17,3.9816,0.35105
2.7281e+17,3.964,0.34392
2.7722000000000003e+17,3.9456,0.33694
2.8170000000000003e+17,3.9272,0.3301
2.8626e+17,3.907,0.321
2.9089e+17,3.8844,0.3121
2.956e+17,3.8598,0.30344
3.0038e+17,3.8331,0.29503
3.0524e+17,3.8043,0.28685
3.1017e+17,3.7732,0.2789
3.1519e+17,3.7397,0.27117
3.2029e+17,3.7035,0.26365
3.2547e+17,3.6643,0.25634
3.3073e+17,3.6216,0.24923
3.3608e+17,3.575,0.24252
3.4152e+17,3.5243,0.23638
3.4704e+17,3.469,0.2304
3.5265e+17,3.4081,0.22457
3.5836e+17,3.3406,0.21889
3.6415e+17,3.2652,0.21336
3.7005e+17,3.1803,0.20796
3.7603e+17,3.0847,0.20218
3.8211e+17,2.9729,0.19468
3.8829e+17,2.84,0.18746
3.9457e+17,2.6799,0.18051
4.0095e+17,2.4814,0.17382
4.0744e+17,2.225,0.16738
4.1403e+17,1.8716,0.16117
4.2073e+17,1.3219,0.15519
4.2752999999999994e+17,0.15857,0.14944
4.3158e+17,-4.0488,0.14616
4.3188000000000006e+17,-4.0403,4.1887
4.3445e+17,-0.28333,4.1586
4.4147e+17,1.4397,4.078
4.4861000000000006e+17,2.2058,3.999
4.5587e+17,2.7129,3.9215
4.6323999999999994e+17,3.0947,3.8455
4.7074e+17,3.4019,3.771
4.7835e+17,3.6588,3.6979
4.8609e+17,3.8797,3.6262
4.9395e+17,4.0732,3.5559
5.0194e+17,4.2451,3.487
5.1006e+17,4.3997,3.4195
5.183e+17,4.5399,3.3532
5.2669e+17,4.6682,3.2882
5.3521e+17,4.7864,3.2245
5.4386e+17,4.8961,3.162
5.5266e+17,4.9985,3.1007
5.6159999999999994e+17,5.0952,3.0406
5.7068e+17,5.1891,2.9817
5.7991e+17,5.2793,2.9165
5.8929e+17,5.3605,2.8482
5.9882e+17,5.4327,2.7814
6.0851e+17,5.499,2.7163
6.1835e+17,5.5601,2.6526
6.2835e+17,5.6167,2.5905
6.3852e+17,5.6692,2.5298
6.4884e+17,5.718,2.4705
6.5934e+17,5.7635,2.4127
6.7e+17,5.8059,2.3561
6.8084e+17,5.8456,2.3009
6.9185e+17,5.8826,2.247
7.0304e+17,5.9174,2.1944
7.1441e+17,5.95,2.143
7.2597e+17,5.9807,2.0928
7.3771e+17,6.0102,2.0437
7.4964e+17,6.0377,1.9942
7.6177e+17,6.0627,1.9459
7.7409e+17,6.0858,1.8988
7.8661e+17,6.1072,1.8528
7.9933e+17,6.1271,1.8079
8.1226e+17,6.1456,1.7641
8.254e+17,6.1627,1.7214
8.387499999999999e+17,6.1786,1.6797
8.5231e+17,6.1934,1.639
8.661e+17,6.2072,1.5993
8.8011e+17,6.2199,1.5606
8.9434e+17,6.2317,1.5228
9.088100000000001e+17,6.2427,1.4859
9.235099999999999e+17,6.2529,1.4499
9.3844e+17,6.2623,1.4148
9.536199999999999e+17,6.271,1.3806
9.6905e+17,6.279,1.3471
9.847200000000001e+17,6.2864,1.3145
1.0005999999999999e+18,6.2931,1.2827
1.0167999999999999e+18,6.299,1.2516
1.0333000000000001e+18,6.3041,1.2225
1.05e+18,6.3097,1.1952
1.067e+18,6.3182,1.169
1.0842e+18,6.3278,1.1396
1.1017999999999999e+18,6.3345,1.1084
1.1195999999999999e+18,6.3393,1.0782
1.1376999999999999e+18,6.3431,1.0487
1.1561e+18,6.3459,1.0201
1.1748e+18,6.3481,0.99218
1.1938e+18,6.3497,0.96505
1.2131e+18,6.3508,0.93863
1.2327e+18,6.3514,0.91294
1.2527e+18,6.3516,0.88795
1.2729e+18,6.3515,0.86366
1.2935e+18,6.3511,0.83992
1.3144e+18,6.3504,0.81671
1.3357e+18,6.3493,0.79404
1.3573e+18,6.3479,0.77201
1.3793e+18,6.3463,0.75058
1.4016e+18,6.3444,0.72976
1.4242e+18,6.3424,0.70936
1.4473e+18,6.3402,0.6895
1.4707e+18,6.3377,0.67018
1.4945e+18,6.335,0.65138
1.5186e+18,6.3322,0.63312
1.5432e+18,6.3293,0.61538
1.5682e+18,6.3264,0.59819
1.5935e+18,6.3236,0.58123
1.6193e+18,6.3205,0.56446
1.6455e+18,6.3171,0.5482
1.6721e+18,6.3136,0.53239
1.6991e+18,6.31,0.51702
1.7266e+18,6.3062,0.50212
1.7546e+18,6.3024,0.48764
1.7829e+18,6.2986,0.47358
1.8118e+18,6.2947,0.45993
1.8411e+18,6.2908,0.44668
1.8708e+18,6.2869,0.43379
1.9011e+18,6.2831,0.42118
1.9319e+18,6.2793,0.4088
1.9631e+18,6.2753,0.39665
1.9949e+18,6.2713,0.38487
2.0271e+18,6.2672,0.37344
2.0598999999999997e+18,6.263,0.36234
2.0932e+18,6.2589,0.35158
2.1271e+18,6.2547,0.34113
2.1615000000000003e+18,6.2505,0.33099
2.1965e+18,6.2464,0.32116
2.2320000000000003e+18,6.2423,0.31161
2.2681e+18,6.2382,0.30232
2.3048000000000003e+18,6.2342,0.29323
2.342e+18,6.2301,0.28441
2.3799e+18,6.226,0.27585
2.4184e+18,6.222,0.26755
2.4575e+18,6.218,0.25949
2.4973e+18,6.214,0.25168
2.5377e+18,6.2101,0.24411
2.5787e+18,6.2062,0.23676
2.6204e+18,6.2023,0.22964
2.6628e+18,6.1986,0.22266
2.7059e+18,6.1948,0.21588
2.7496e+18,6.1911,0.20928
2.7941e+18,6.1873,0.20288
2.8393e+18,6.1837,0.19669
2.8852e+18,6.18,0.19068
2.9319e+18,6.1764,0.18485
2.9793e+18,6.1729,0.1792
3.0275e+18,6.1694,0.17373
3.0765e+18,6.1659,0.16847
3.1262e+18,6.1626,0.16329
3.1768e+18,6.1593,0.15826
3.2282e+18,6.156,0.15338
3.2804e+18,6.1528,0.14865
3.3335e+18,6.1496,0.14405
3.3874e+18,6.1464,0.13959
3.4422e+18,6.1433,0.13527
3.4978e+18,6.1403,0.13107
3.5544e+18,6.1373,0.127
3.6119e+18,6.1343,0.12304
3.6703e+18,6.1314,0.11921
3.7297e+18,6.1286,0.11549
3.79e+18,6.1258,0.11188
3.8513e+18,6.123,0.10838
3.9136e+18,6.1203,0.10499
3.9769e+18,6.1176,0.10169
4.0412e+18,6.115,0.098504
4.1066e+18,6.1124,0.095403
4.173e+18,6.1099,0.092397
4.2405e+18,6.1074,0.089483
4.3091e+18,6.105,0.086662
4.3788e+18,6.1026,0.083915
4.4496e+18,6.1002,0.08126
4.5216000000000005e+18,6.0979,0.078682
4.5946999999999995e+18,6.0957,0.076182
4.669e+18,6.0935,0.073758
4.7445e+18,6.0913,0.071408
4.8213e+18,6.0892,0.069129
4.8993e+18,6.0871,0.066919
4.9785e+18,6.085,0.064777
5.059e+18,6.083,0.062699
5.1409e+18,6.081,0.060685
5.224e+18,6.0791,0.058733
5.3085e+18,6.0772,0.05684
5.3944e+18,6.0754,0.055004
5.4816e+18,6.0736,0.053224
5.5703e+18,6.0718,0.0515
5.6604e+18,6.07,0.049828
5.7519e+18,6.0683,0.048207
5.845e+18,6.0667,0.046635
5.9395e+18,6.065,0.045113
6.0356e+18,6.0634,0.043637
6.1332e+18,6.0619,0.042221
6.2324e+18,6.0603,0.040835
6.3332e+18,6.0588,0.039492
6.4356e+18,6.0574,0.038192
6.5397e+18,6.0559,0.036932
6.6455e+18,6.0545,0.035713
6.753e+18,6.0531,0.034533
6.8622e+18,6.0518,0.03339
6.9732e+18,6.0505,0.032283
7.086e+18,6.0492,0.03121
7.2006e+18,6.0479,0.030172
7.317e+18,6.0467,0.029168
7.4354e+18,6.0455,0.028195
7.5557e+18,6.0443,0.027254
7.6779e+18,6.0431,0.026343
7.802e+18,6.042,0.025461
7.9282e+18,6.0409,0.024607
8.0565e+18,6.0398,0.023781
8.1868e+18,6.0388,0.022981
8.3192e+18,6.0377,0.022206
8.4537e+18,6.0367,0.021457
8.5905e+18,6.0358,0.020733
8.7294e+18,6.0348,0.020031
8.8706e+18,6.0339,0.019352
9.014099999999999e+18,6.0329,0.018695
9.1599e+18,6.0321,0.018059
9.308e+18,6.0312,0.017445
9.4586e+18,6.0303,0.01685
9.6116e+18,6.0295,0.016275
9.767e+18,6.0287,0.015718
9.925e+18,6.0279,0.015179
1.0086e+19,6.0271,0.014659
1.0249e+19,6.0264,0.014155
1.0414000000000002e+19,6.0256,0.013668
1.0583e+19,6.0249,0.013197
1.0754e+19,6.0242,0.012741
1.0928e+19,6.0235,0.0123
1.1105e+19,6.0229,0.011874
1.1284e+19,6.0222,0.011462
1.1467e+19,6.0216,0.011063
1.1652e+19,6.0209,0.010678
1.1841e+19,6.0203,0.010306
1.2032e+19,6.0198,0.0099458
1.2227e+19,6.0192,0.0095978
1.2425e+19,6.0186,0.0092613
1.2626e+19,6.0181,0.0089362
1.283e+19,6.0175,0.0086219
1.3037e+19,6.017,0.0083182
1.3248e+19,6.0165,0.0080248
1.3463e+19,6.016,0.007741
1.3680000000000002e+19,6.0155,0.0074669
1.3902e+19,6.015,0.007202
1.4126e+19,6.0146,0.0069461
1.4355e+19,6.0141,0.006699
1.4587000000000002e+19,6.0137,0.0064603
1.4823e+19,6.0133,0.0062294
1.5063e+19,6.0129,0.0060066
1.5306e+19,6.0125,0.0057914
1.5553999999999998e+19,6.0121,0.0055835
1.5805e+19,6.0117,0.0053828
1.6061e+19,6.0113,0.0051889
1.6321000000000002e+19,6.0109,0.0050017
1.6585e+19,6.0106,0.004821
1.6853e+19,6.0102,0.0046465
1.7126e+19,6.0099,0.0044781
1.7403e+19,6.0096,0.0043155
1.7684e+19,6.0093,0.0041586
1.797e+19,6.009,0.0040071
1.8261e+19,6.0086,0.003861
1.8556e+19,6.0083,0.0037199
1.8856e+19,6.0081,0.0035838
1.9161e+19,6.0078,0.0034525
1.9471e+19,6.0075,0.0033258
1.9786e+19,6.0072,0.0032037
2.0106e+19,6.007,0.0030858
2.0431e+19,6.0067,0.0029721
2.0762e+19,6.0065,0.0028625
2.1098e+19,6.0062,0.0027568
2.1439e+19,6.006,0.0026549
2.1786e+19,6.0058,0.0025567
2.2138e+19,6.0056,0.002462
2.2496e+19,6.0054,0.0023707
2.286e+19,6.0051,0.0022828
2.323e+19,6.0049,0.002198
2.3605e+19,6.0047,0.0021163
2.3987e+19,6.0045,0.0020376
2.4375e+19,6.0044,0.0019619
2.477e+19,6.0042,0.0018889
2.517e+19,6.004,0.0018186
2.5577e+19,6.0038,0.0017509
2.5991e+19,6.0037,0.0016857
2.6410999999999996e+19,6.0035,0.001623
2.6839e+19,6.0033,0.0015626
2.7273e+19,6.0032,0.0015045
2.7714e+19,6.003,0.0014487
2.8162e+19,6.0029,0.0013949
2.8617e+19,6.0027,0.0013432
2.908e+19,6.0026,0.0012934
2.9551e+19,6.0025,0.0012456
3.0029e+19,6.0023,0.0011996
3.0514e+19,6.0022,0.0011629
3.1008e+19,6.0021,0.0011182
3.1509e+19,6.002,0.0010752
3.2019e+19,6.0019,0.0010339
3.2537e+19,6.0018,0.00099427
3.3062999999999996e+19,6.0016,0.00095619
3.3598e+19,6.0015,0.00091963
3.4141e+19,6.0014,0.00088451
3.4694e+19,6.0013,0.00085077
3.5255e+19,6.0012,0.00081836
3.5825e+19,6.0012,0.00078723
3.6404e+19,6.001,0.00075732
3.6993e+19,6.001,0.00072858
3.7592e+19,6.0009,0.00070097
3.82e+19,6.0008,0.00067444
3.8817e+19,6.0007,0.00064894
3.9445e+19,6.0006,0.00062444
4.0083e+19,6.0005,0.00060089
4.0731e+19,6.0005,0.00057826
4.139e+19,6.0004,0.0005565
4.206e+19,6.0003,0.00053559
4.274e+19,6.0003,0.00051549
4.3431e+19,6.0002,0.00049616
4.4134e+19,6.0001,0.00047758
4.4848e+19,6.0001,0.00045972
4.5573e+19,6.0,0.00044254